family,model,n_valid,level_1_acc,level_4_acc,level_1_f1,level_4_f1
xgboost_per_layer,xgb_layer_00,18420,0.2921,0.0575,,
xgboost_per_layer,xgb_layer_01,18420,0.2973,0.0699,,
xgboost_per_layer,xgb_layer_02,18420,0.3042,0.0795,,
xgboost_per_layer,xgb_layer_03,18420,0.3335,0.0898,,
xgboost_per_layer,xgb_layer_04,18420,0.3232,0.0847,,
xgboost_per_layer,xgb_layer_05,18420,0.3384,0.0995,,
xgboost_per_layer,xgb_layer_06,18420,0.3662,0.1087,,
xgboost_per_layer,xgb_layer_07,18420,0.3516,0.1047,,
xgboost_per_layer,xgb_layer_08,18420,0.3864,0.1425,,
xgboost_per_layer,xgb_layer_09,18420,0.3906,0.1459,,
xgboost_per_layer,xgb_layer_10,18420,0.4755,0.2256,,
xgboost_per_layer,xgb_layer_11,18420,0.4853,0.2312,,
xgboost_per_layer,xgb_layer_12,18420,0.5108,0.2617,,
xgboost_per_layer,xgb_layer_13,18420,0.6045,0.3346,,
xgboost_per_layer,xgb_layer_14,18420,0.594,0.3202,,
xgboost_per_layer,xgb_layer_15,18420,0.6091,0.351,,
xgboost_per_layer,xgb_layer_16,18420,0.6287,0.3644,,
xgboost_per_layer,xgb_layer_17,18420,0.6562,0.3897,,
xgboost_per_layer,xgb_layer_18,18420,0.6215,0.3739,,
xgboost_per_layer,xgb_layer_19,18420,0.6223,0.3818,,
xgboost_per_layer,xgb_layer_20,18420,0.6247,0.3711,,
xgboost_per_layer,xgb_layer_21,18420,0.609,0.3554,,
xgboost_per_layer,xgb_layer_22,18420,0.6037,0.3684,,
xgboost_per_layer,xgb_layer_23,18420,0.5765,0.3317,,
xgboost_per_layer,xgb_layer_24,18420,0.5137,0.2554,,
xgboost_per_layer,xgb_layer_25,18420,0.4653,0.218,,
xgboost_per_layer,xgb_layer_26,18420,0.4391,0.1858,,
xgboost_per_layer,xgb_layer_27,18420,0.3746,0.146,,
xgboost_per_layer,xgb_layer_28,18420,0.3119,0.0657,,
xgboost_per_layer,xgb_layer_29,18420,0.2678,0.0308,,
xgboost_per_layer,xgb_layer_30,18420,0.2586,0.0339,,
xgboost_per_layer,xgb_layer_31,18420,0.2586,0.0339,,
xgboost_mean_per_layer,xgb_mean_layer_00,18420,0.3423,0.098,,
xgboost_mean_per_layer,xgb_mean_layer_01,18420,0.3574,0.11,,
xgboost_mean_per_layer,xgb_mean_layer_02,18420,0.4155,0.1535,,
xgboost_mean_per_layer,xgb_mean_layer_03,18420,0.5219,0.2227,,
xgboost_mean_per_layer,xgb_mean_layer_04,18420,0.5387,0.2225,,
xgboost_mean_per_layer,xgb_mean_layer_05,18420,0.5433,0.237,,
xgboost_mean_per_layer,xgb_mean_layer_06,18420,0.5487,0.2381,,
xgboost_mean_per_layer,xgb_mean_layer_07,18420,0.5716,0.2636,,
xgboost_mean_per_layer,xgb_mean_layer_08,18420,0.6405,0.3463,,
xgboost_mean_per_layer,xgb_mean_layer_09,18420,0.6296,0.3517,,
xgboost_mean_per_layer,xgb_mean_layer_10,18420,0.8198,0.5689,,
xgboost_mean_per_layer,xgb_mean_layer_11,18420,0.8415,0.5893,,
xgboost_mean_per_layer,xgb_mean_layer_12,18420,0.8462,0.5982,,
xgboost_mean_per_layer,xgb_mean_layer_13,18420,0.8621,0.5989,,
xgboost_mean_per_layer,xgb_mean_layer_14,18420,0.8598,0.6069,,
xgboost_mean_per_layer,xgb_mean_layer_15,18420,0.8663,0.617,,
xgboost_mean_per_layer,xgb_mean_layer_16,18420,0.8616,0.608,,
xgboost_mean_per_layer,xgb_mean_layer_17,18420,0.8638,0.6175,,
xgboost_mean_per_layer,xgb_mean_layer_18,18420,0.8572,0.6052,,
xgboost_mean_per_layer,xgb_mean_layer_19,18420,0.8688,0.6208,,
xgboost_mean_per_layer,xgb_mean_layer_20,18420,0.8526,0.6045,,
xgboost_mean_per_layer,xgb_mean_layer_21,18420,0.8622,0.6106,,
xgboost_mean_per_layer,xgb_mean_layer_22,18420,0.8546,0.6086,,
xgboost_mean_per_layer,xgb_mean_layer_23,18420,0.8497,0.595,,
xgboost_mean_per_layer,xgb_mean_layer_24,18420,0.6783,0.4149,,
xgboost_mean_per_layer,xgb_mean_layer_25,18420,0.6556,0.3893,,
xgboost_mean_per_layer,xgb_mean_layer_26,18420,0.5843,0.3291,,
xgboost_mean_per_layer,xgb_mean_layer_27,18420,0.5442,0.2823,,
xgboost_mean_per_layer,xgb_mean_layer_28,18420,0.378,0.1252,,
xgboost_mean_per_layer,xgb_mean_layer_29,18420,0.3012,0.0486,,
xgboost_mean_per_layer,xgb_mean_layer_30,18420,0.2803,0.0441,,
xgboost_mean_per_layer,xgb_mean_layer_31,18420,0.2803,0.0441,,
mlp_last_per_layer,mlp_last_layer_00,18420,0.3192,0.0005,,
mlp_last_per_layer,mlp_last_layer_01,18420,0.2503,0.0013,,
mlp_last_per_layer,mlp_last_layer_02,18420,0.217,0.0008,,
mlp_last_per_layer,mlp_last_layer_03,18420,0.2573,0.0017,,
mlp_last_per_layer,mlp_last_layer_04,18420,0.2673,0.0021,,
mlp_last_per_layer,mlp_last_layer_05,18420,0.2176,0.0011,,
mlp_last_per_layer,mlp_last_layer_06,18420,0.2685,0.0002,,
mlp_last_per_layer,mlp_last_layer_07,18420,0.2504,0.0016,,
mlp_last_per_layer,mlp_last_layer_08,18420,0.2528,0.0006,,
mlp_last_per_layer,mlp_last_layer_09,18420,0.2376,0.0011,,
mlp_last_per_layer,mlp_last_layer_10,18420,0.7258,0.4849,,
mlp_last_per_layer,mlp_last_layer_11,18420,0.7435,0.5043,,
mlp_last_per_layer,mlp_last_layer_12,18420,0.7828,0.5475,,
mlp_last_per_layer,mlp_last_layer_13,18420,0.8458,0.6132,,
mlp_last_per_layer,mlp_last_layer_14,18420,0.8325,0.6031,,
mlp_last_per_layer,mlp_last_layer_15,18420,0.8448,0.6132,,
mlp_last_per_layer,mlp_last_layer_16,18420,0.8492,0.6207,,
mlp_last_per_layer,mlp_last_layer_17,18420,0.8555,0.6283,,
mlp_last_per_layer,mlp_last_layer_18,18420,0.8536,0.6215,,
mlp_last_per_layer,mlp_last_layer_19,18420,0.8604,0.634,,
mlp_last_per_layer,mlp_last_layer_20,18420,0.8673,0.6355,,
mlp_last_per_layer,mlp_last_layer_21,18420,0.8568,0.6222,,
mlp_last_per_layer,mlp_last_layer_22,18420,0.8518,0.63,,
mlp_last_per_layer,mlp_last_layer_23,18420,0.8369,0.6004,,
mlp_last_per_layer,mlp_last_layer_24,18420,0.7874,0.5577,,
mlp_last_per_layer,mlp_last_layer_25,18420,0.7564,0.5146,,
mlp_last_per_layer,mlp_last_layer_26,18420,0.7102,0.4661,,
mlp_last_per_layer,mlp_last_layer_27,18420,0.6216,0.3749,,
mlp_last_per_layer,mlp_last_layer_28,18420,0.3192,0.0011,,
mlp_last_per_layer,mlp_last_layer_29,18420,0.3192,0.0005,,
mlp_last_per_layer,mlp_last_layer_30,18420,0.1949,0.0005,,
mlp_last_per_layer,mlp_last_layer_31,18420,0.2286,0.0,,
mlp_mean_per_layer,mlp_mean_layer_00,18420,0.2286,0.0,,
mlp_mean_per_layer,mlp_mean_layer_01,18420,0.2286,0.0005,,
mlp_mean_per_layer,mlp_mean_layer_02,18420,0.2496,0.0093,,
mlp_mean_per_layer,mlp_mean_layer_03,18420,0.5982,0.3276,,
mlp_mean_per_layer,mlp_mean_layer_04,18420,0.5244,0.2434,,
mlp_mean_per_layer,mlp_mean_layer_05,18420,0.5942,0.3176,,
mlp_mean_per_layer,mlp_mean_layer_06,18420,0.6274,0.3627,,
mlp_mean_per_layer,mlp_mean_layer_07,18420,0.6437,0.3789,,
mlp_mean_per_layer,mlp_mean_layer_08,18420,0.7336,0.4958,,
mlp_mean_per_layer,mlp_mean_layer_09,18420,0.7154,0.4789,,
mlp_mean_per_layer,mlp_mean_layer_10,18420,0.9009,0.7079,,
mlp_mean_per_layer,mlp_mean_layer_11,18420,0.8998,0.7149,,
mlp_mean_per_layer,mlp_mean_layer_12,18420,0.9031,0.7144,,
mlp_mean_per_layer,mlp_mean_layer_13,18420,0.9001,0.7069,,
mlp_mean_per_layer,mlp_mean_layer_14,18420,0.909,0.7214,,
mlp_mean_per_layer,mlp_mean_layer_15,18420,0.9109,0.7228,,
mlp_mean_per_layer,mlp_mean_layer_16,18420,0.9128,0.7213,,
mlp_mean_per_layer,mlp_mean_layer_17,18420,0.9164,0.7332,,
mlp_mean_per_layer,mlp_mean_layer_18,18420,0.9137,0.7315,,
mlp_mean_per_layer,mlp_mean_layer_19,18420,0.9112,0.7268,,
mlp_mean_per_layer,mlp_mean_layer_20,18420,0.9178,0.7264,,
mlp_mean_per_layer,mlp_mean_layer_21,18420,0.9044,0.7261,,
mlp_mean_per_layer,mlp_mean_layer_22,18420,0.908,0.7298,,
mlp_mean_per_layer,mlp_mean_layer_23,18420,0.9064,0.7249,,
mlp_mean_per_layer,mlp_mean_layer_24,18420,0.865,0.6692,,
mlp_mean_per_layer,mlp_mean_layer_25,18420,0.8781,0.6809,,
mlp_mean_per_layer,mlp_mean_layer_26,18420,0.8532,0.6471,,
mlp_mean_per_layer,mlp_mean_layer_27,18420,0.8175,0.5995,,
mlp_mean_per_layer,mlp_mean_layer_28,18420,0.2286,0.0005,,
mlp_mean_per_layer,mlp_mean_layer_29,18420,0.3192,0.0005,,
mlp_mean_per_layer,mlp_mean_layer_30,18420,0.1124,0.0005,,
mlp_mean_per_layer,mlp_mean_layer_31,18420,0.0673,0.0005,,
mlp_layer17_10000ep,mlp_layer17,18420,0.8508,0.6258,,
mlp_xgb_concat,mlp_mlp_layer17,18420,0.839,0.6193,,
mlp_xgb_concat,mlp_mlp_concat_17_12_16,18420,0.8619,0.6251,,
mlp_xgb_concat,mlp_mlp_concat_17_2_30,18420,0.229,0.0005,,
mlp_xgb_concat,xgb_xgb_concat_17_12_16,18420,0.6236,0.3819,,
mlp_xgb_concat,xgb_xgb_concat_17_2_30,18420,0.6115,0.3626,,
benchmark_2_models,benchmark2_mlp_layer18,1048500,0.9194,0.6069,0.8864,0.5703
benchmark_2_models,benchmark2_hierarchical_mlp,1048500,0.9183,0.5997,0.8852,0.5617
benchmark_2_models,benchmark2_deep_hierarchical_mlp,1048500,0.9197,0.6103,0.877,0.5732
