Dataset,Extraction_Mode,Script,Sequences,Duration_s,Duration_h,Notes
benchmark_2,"layer-18 last-token (4,096-dim)",extract_benchmark2_embeddings.py,"2,208,500 (1,160,000 train + 1,048,500 valid)",54186,15.05,"Production run 2026-08-20..22; first attempt crashed at 32,462 s (9.0 h), resumed and completed"
benchmark_2,"multilayer L13/17/18/20 last-token (16,384-dim)",extract_benchmark2_embeddings.py,"2,208,500 (1,160,000 train + 1,048,500 valid)",114048,31.68,Production run 2026-08-22..23
benchmark_2,TOTAL (both modes),—,"2,208,500 per mode",168234,46.73,Sum of the two production runs above
benchmark_4,"with_embeddings L9/24/26 x {block,mlp,post_norm}, last-token (9 cols x 4,096-dim)",extract_benchmark4_embeddings.py,"40,700 (22,280 train + 18,420 valid)",2491,0.69,Production run 2026-08-23
benchmark_4,"all_layers last-token, 32 blocks (32 x 4,096-dim)",extract_benchmark4_embeddings.py,"40,700 (22,280 train + 18,420 valid)",2757,0.77,Production run 2026-08-23
benchmark_4,"all_layers mean-token, 32 blocks (32 x 4,096-dim)",extract_benchmark4_embeddings.py,"40,700 (22,280 train + 18,420 valid)",1099,0.31,Production run 2026-08-23; resumed after restart
benchmark_4,TOTAL (all three modes),—,"40,700 per mode",6347,1.76,Sum of the three production runs above
test_pipeline (reduced subset),benchmark_2 all modes,extract_benchmark2_embeddings.py,reduced subset (test pipeline),738,0.2,reduced test pipeline run; NOT full-data timing
test_pipeline (reduced subset),benchmark_4 all modes,extract_benchmark4_embeddings.py,reduced subset (test pipeline),894,0.25,reduced test pipeline run; NOT full-data timing
yarrowia lipolytica (full genomic sequences),"layer-18 mean-pooled + multilayer L13/17/18/20 mean-pooled (merged)",extract_yarrowia_embeddings.py,6825,1693,0.47,Production run 2026-10-06; all 6825 genes incl. promoter/UTR
yarrowia lipolytica (cross-translated),"layer-18 mean-pooled + multilayer L13/17/18/20 mean-pooled (merged)",extract_crosstrans_embeddings.py,6030,1609,0.45,Production run 2026-10-06; 6030 of 6825 genes (535 no UniProt AA, 260 failed codon walk); intron gaps back-translated from protein AAs
