Model,Benchmark,Level,Optimizer,Epochs,Best_Epoch,Train_Loss_Final,Train_Loss_At_Best,Valid_MLogloss_At_Best,Acc_Short,Acc_Medium,Acc_Long,Acc_Overall,F1Macro_Overall,SD_Acc_Short,SD_Acc_Medium,SD_Acc_Long,SD_Acc_Overall,SD_Terciles,SD_Acc_Across_Layers
"flat MLP (EC_MLP, layer 18)",benchmark_2,L1,"AdamW (lr=3e-4, wd=0.01) + LinearLR warmup 10 ep + CosineAnnealingLR (T_max=190, eta_min=1e-6); FocalLoss (gamma=2.0, label_smoothing=0.1)",200,6,1.3,2.0198,2.7521,0.8892,0.9435,0.9254,0.9194,0.8864,0.3139,0.231,0.2627,0.2723,0.0277,N/A (single model)
"flat MLP (EC_MLP, layer 18)",benchmark_2,L2,"AdamW (lr=3e-4, wd=0.01) + LinearLR warmup 10 ep + CosineAnnealingLR (T_max=190, eta_min=1e-6); FocalLoss (gamma=2.0, label_smoothing=0.1)",200,6,1.3,2.0198,2.7521,0.8322,0.9021,0.8664,0.8669,0.7864,0.3737,0.2972,0.3402,0.3397,0.0349,N/A (single model)
"flat MLP (EC_MLP, layer 18)",benchmark_2,L3,"AdamW (lr=3e-4, wd=0.01) + LinearLR warmup 10 ep + CosineAnnealingLR (T_max=190, eta_min=1e-6); FocalLoss (gamma=2.0, label_smoothing=0.1)",200,6,1.3,2.0198,2.7521,0.7958,0.8617,0.8054,0.821,0.6988,0.4031,0.3452,0.3959,0.3834,0.0356,N/A (single model)
"flat MLP (EC_MLP, layer 18)",benchmark_2,L4,"AdamW (lr=3e-4, wd=0.01) + LinearLR warmup 10 ep + CosineAnnealingLR (T_max=190, eta_min=1e-6); FocalLoss (gamma=2.0, label_smoothing=0.1)",200,6,1.3,2.0198,2.7521,0.6042,0.615,0.6014,0.6069,0.5493,0.489,0.4866,0.4896,0.4884,0.0071,N/A (single model)
"hierarchical MLP (HierarchicalEC_MLP, layer 18)",benchmark_2,L1,"AdamW (lr=3e-4, wd=0.01) + LinearLR warmup 10 ep + CosineAnnealingLR (T_max=190, eta_min=1e-6); per-level FocalLoss, weights {L1:0.5, L2:1.0, L3:1.5, L4:3.0}",200,18,3.1558,5.194,10.2092,0.885,0.9441,0.9259,0.9183,0.8852,0.319,0.2297,0.2619,0.2739,0.0303,N/A (single model)
"hierarchical MLP (HierarchicalEC_MLP, layer 18)",benchmark_2,L2,"AdamW (lr=3e-4, wd=0.01) + LinearLR warmup 10 ep + CosineAnnealingLR (T_max=190, eta_min=1e-6); per-level FocalLoss, weights {L1:0.5, L2:1.0, L3:1.5, L4:3.0}",200,18,3.1558,5.194,10.2092,0.8278,0.9,0.8648,0.8642,0.7882,0.3775,0.3,0.342,0.3426,0.0361,N/A (single model)
"hierarchical MLP (HierarchicalEC_MLP, layer 18)",benchmark_2,L3,"AdamW (lr=3e-4, wd=0.01) + LinearLR warmup 10 ep + CosineAnnealingLR (T_max=190, eta_min=1e-6); per-level FocalLoss, weights {L1:0.5, L2:1.0, L3:1.5, L4:3.0}",200,18,3.1558,5.194,10.2092,0.7877,0.859,0.8072,0.818,0.6853,0.4089,0.348,0.3945,0.3859,0.0368,N/A (single model)
"hierarchical MLP (HierarchicalEC_MLP, layer 18)",benchmark_2,L4,"AdamW (lr=3e-4, wd=0.01) + LinearLR warmup 10 ep + CosineAnnealingLR (T_max=190, eta_min=1e-6); per-level FocalLoss, weights {L1:0.5, L2:1.0, L3:1.5, L4:3.0}",200,18,3.1558,5.194,10.2092,0.6034,0.6018,0.5938,0.5997,0.55,0.4892,0.4895,0.4911,0.49,0.0052,N/A (single model)
"deep hierarchical MLP (DeepHierarchicalEC_MLP, L13/17/18/20)",benchmark_2,L1,"AdamW (lr=1e-3, wd=0.01) + LinearLR warmup 5 ep + CosineAnnealingLR (T_max=45, eta_min=1e-6); per-level FocalLoss weights {0.5,1.0,1.5,3.0}; mixup alpha=0.2; torch.compile",50,19,5.7548,7.0356,10.9298,0.8944,0.941,0.9238,0.9197,0.877,0.3073,0.2357,0.2654,0.2717,0.0235,N/A (single model)
"deep hierarchical MLP (DeepHierarchicalEC_MLP, L13/17/18/20)",benchmark_2,L2,"AdamW (lr=1e-3, wd=0.01) + LinearLR warmup 5 ep + CosineAnnealingLR (T_max=45, eta_min=1e-6); per-level FocalLoss weights {0.5,1.0,1.5,3.0}; mixup alpha=0.2; torch.compile",50,19,5.7548,7.0356,10.9298,0.8341,0.8962,0.8672,0.8658,0.7966,0.372,0.305,0.3394,0.3408,0.0311,N/A (single model)
"deep hierarchical MLP (DeepHierarchicalEC_MLP, L13/17/18/20)",benchmark_2,L3,"AdamW (lr=1e-3, wd=0.01) + LinearLR warmup 5 ep + CosineAnnealingLR (T_max=45, eta_min=1e-6); per-level FocalLoss weights {0.5,1.0,1.5,3.0}; mixup alpha=0.2; torch.compile",50,19,5.7548,7.0356,10.9298,0.8039,0.8545,0.8076,0.822,0.7043,0.3971,0.3526,0.3942,0.3825,0.0282,N/A (single model)
"deep hierarchical MLP (DeepHierarchicalEC_MLP, L13/17/18/20)",benchmark_2,L4,"AdamW (lr=1e-3, wd=0.01) + LinearLR warmup 5 ep + CosineAnnealingLR (T_max=45, eta_min=1e-6); per-level FocalLoss weights {0.5,1.0,1.5,3.0}; mixup alpha=0.2; torch.compile",50,19,5.7548,7.0356,10.9298,0.6146,0.6149,0.6013,0.6103,0.5555,0.4867,0.4866,0.4896,0.4877,0.0078,N/A (single model)
"XGBoost per layer (L0-31), last-token (emb_blocks_L)",benchmark_4,L1,"XGBoost (tree_method=hist, max_depth=10, lr=0.1, n_estimators=1000, early_stop=50 on valid, multi:softmax, balanced sample weights)",~131 (early-stopped of 1000 rounds),,N/A (tree-based),N/A (tree-based),N/A (tree-based),0.46,0.4522,0.4467,0.453,0.398,0.4984,0.4977,0.4972,0.4978,0.0067,0.1363
"XGBoost per layer (L0-31), last-token (emb_blocks_L)",benchmark_4,L2,"XGBoost (tree_method=hist, max_depth=10, lr=0.1, n_estimators=1000, early_stop=50 on valid, multi:softmax, balanced sample weights)",~131 (early-stopped of 1000 rounds),,N/A (tree-based),N/A (tree-based),N/A (tree-based),0.3233,0.3017,0.3041,0.3097,0.2793,0.4678,0.459,0.46,0.4624,0.0119,0.158
"XGBoost per layer (L0-31), last-token (emb_blocks_L)",benchmark_4,L3,"XGBoost (tree_method=hist, max_depth=10, lr=0.1, n_estimators=1000, early_stop=50 on valid, multi:softmax, balanced sample weights)",~131 (early-stopped of 1000 rounds),,N/A (tree-based),N/A (tree-based),N/A (tree-based),0.2942,0.2781,0.2816,0.2846,0.2448,0.4557,0.4481,0.4498,0.4512,0.0084,0.1574
"XGBoost per layer (L0-31), last-token (emb_blocks_L)",benchmark_4,L4,"XGBoost (tree_method=hist, max_depth=10, lr=0.1, n_estimators=1000, early_stop=50 on valid, multi:softmax, balanced sample weights)",~131 (early-stopped of 1000 rounds),,N/A (tree-based),N/A (tree-based),N/A (tree-based),0.2227,0.2029,0.1944,0.2067,0.1727,0.4161,0.4021,0.3957,0.4049,0.0146,0.1275
"XGBoost per layer (L0-31), mean-token (emb_mean_blocks_L)",benchmark_4,L1,"XGBoost (tree_method=hist, max_depth=10, lr=0.1, n_estimators=1000, early_stop=50 on valid, multi:softmax, balanced sample weights)",~159 (early-stopped of 1000 rounds),,N/A (tree-based),N/A (tree-based),N/A (tree-based),0.6454,0.6516,0.651,0.6493,0.6131,0.4784,0.4765,0.4767,0.4772,0.0034,0.21
"XGBoost per layer (L0-31), mean-token (emb_mean_blocks_L)",benchmark_4,L2,"XGBoost (tree_method=hist, max_depth=10, lr=0.1, n_estimators=1000, early_stop=50 on valid, multi:softmax, balanced sample weights)",~159 (early-stopped of 1000 rounds),,N/A (tree-based),N/A (tree-based),N/A (tree-based),0.5433,0.5365,0.5392,0.5397,0.4935,0.4981,0.4987,0.4985,0.4984,0.0034,0.2548
"XGBoost per layer (L0-31), mean-token (emb_mean_blocks_L)",benchmark_4,L3,"XGBoost (tree_method=hist, max_depth=10, lr=0.1, n_estimators=1000, early_stop=50 on valid, multi:softmax, balanced sample weights)",~159 (early-stopped of 1000 rounds),,N/A (tree-based),N/A (tree-based),N/A (tree-based),0.516,0.5106,0.5137,0.5134,0.4364,0.4997,0.4999,0.4998,0.4998,0.0027,0.2546
"XGBoost per layer (L0-31), mean-token (emb_mean_blocks_L)",benchmark_4,L4,"XGBoost (tree_method=hist, max_depth=10, lr=0.1, n_estimators=1000, early_stop=50 on valid, multi:softmax, balanced sample weights)",~159 (early-stopped of 1000 rounds),,N/A (tree-based),N/A (tree-based),N/A (tree-based),0.4093,0.3791,0.3713,0.3866,0.3362,0.4917,0.4852,0.4831,0.487,0.0201,0.2143
"MLP per layer (L0-31), last-token (4096->1024->512->n)",benchmark_4,L1,"Adam (lr=1e-3, wd=1e-4) + ReduceLROnPlateau (patience=15, max 1000 ep); balanced sample weights","mean 96 (range 1-431, early stop p=15); L30/L31 diverged, excluded from loss mean",,1.8606,3.1114,4.6253,0.5448,0.5579,0.5353,0.5460,0.4827,0.4980,0.4966,0.4988,0.4979,0.0113,0.3043
"MLP per layer (L0-31), last-token (4096->1024->512->n)",benchmark_4,L2,"Adam (lr=1e-3, wd=1e-4) + ReduceLROnPlateau (patience=15, max 1000 ep); balanced sample weights","mean 96 (range 1-431, early stop p=15); L30/L31 diverged, excluded from loss mean",,1.8606,3.1114,4.6253,0.4270,0.4358,0.4189,0.4272,0.3713,0.4946,0.4959,0.4934,0.4947,0.0084,0.3475
"MLP per layer (L0-31), last-token (4096->1024->512->n)",benchmark_4,L3,"Adam (lr=1e-3, wd=1e-4) + ReduceLROnPlateau (patience=15, max 1000 ep); balanced sample weights","mean 96 (range 1-431, early stop p=15); L30/L31 diverged, excluded from loss mean",,1.8606,3.1114,4.6253,0.4059,0.4153,0.3981,0.4064,0.3441,0.4911,0.4928,0.4895,0.4912,0.0086,0.3465
"MLP per layer (L0-31), last-token (4096->1024->512->n)",benchmark_4,L4,"Adam (lr=1e-3, wd=1e-4) + ReduceLROnPlateau (patience=15, max 1000 ep); balanced sample weights","mean 96 (range 1-431, early stop p=15); L30/L31 diverged, excluded from loss mean",,1.8606,3.1114,4.6253,0.3358,0.3235,0.3026,0.3206,0.2803,0.4723,0.4678,0.4594,0.4667,0.0168,0.2922
"MLP per layer (L0-31), mean-token (4096->1024->512->n)",benchmark_4,L1,"Adam (lr=1e-3, wd=1e-4) + ReduceLROnPlateau (patience=15, max 1000 ep); balanced sample weights","mean 131 (range 1-249, early stop p=15); L30/L31 diverged, excluded from loss mean",,1.5677,1.5934,3.4012,0.6809,0.7033,0.7007,0.6950,0.6458,0.4661,0.4568,0.4579,0.4604,0.0122,0.2730
"MLP per layer (L0-31), mean-token (4096->1024->512->n)",benchmark_4,L2,"Adam (lr=1e-3, wd=1e-4) + ReduceLROnPlateau (patience=15, max 1000 ep); balanced sample weights","mean 131 (range 1-249, early stop p=15); L30/L31 diverged, excluded from loss mean",,1.5677,1.5934,3.4012,0.5901,0.6020,0.6062,0.5994,0.5449,0.4918,0.4895,0.4886,0.4900,0.0083,0.3341
"MLP per layer (L0-31), mean-token (4096->1024->512->n)",benchmark_4,L3,"Adam (lr=1e-3, wd=1e-4) + ReduceLROnPlateau (patience=15, max 1000 ep); balanced sample weights","mean 131 (range 1-249, early stop p=15); L30/L31 diverged, excluded from loss mean",,1.5677,1.5934,3.4012,0.5703,0.5828,0.5836,0.5789,0.5128,0.4950,0.4931,0.4930,0.4937,0.0075,0.3355
"MLP per layer (L0-31), mean-token (4096->1024->512->n)",benchmark_4,L4,"Adam (lr=1e-3, wd=1e-4) + ReduceLROnPlateau (patience=15, max 1000 ep); balanced sample weights","mean 131 (range 1-249, early stop p=15); L30/L31 diverged, excluded from loss mean",,1.5677,1.5934,3.4012,0.4880,0.4793,0.4742,0.4805,0.4273,0.4999,0.4996,0.4993,0.4996,0.0069,0.2928
"RandomForest per layer (L9/L24/L26), block output (4,096-dim)",benchmark_4,L1,"sklearn RandomForest (n_estimators=300, class_weight=balanced)",n/a (300 trees),,N/A (tree-based),N/A (tree-based),N/A (tree-based),0.3272,0.3269,0.3444,0.3328,0.2627,0.4692,0.4691,0.4752,0.4712,0.01,0.0216
"RandomForest per layer (L9/L24/L26), block output (4,096-dim)",benchmark_4,L2,"sklearn RandomForest (n_estimators=300, class_weight=balanced)",n/a (300 trees),,N/A (tree-based),N/A (tree-based),N/A (tree-based),0.165,0.1635,0.1804,0.1697,0.1335,0.3712,0.3698,0.3845,0.3753,0.0093,0.0262
"RandomForest per layer (L9/L24/L26), block output (4,096-dim)",benchmark_4,L3,"sklearn RandomForest (n_estimators=300, class_weight=balanced)",n/a (300 trees),,N/A (tree-based),N/A (tree-based),N/A (tree-based),0.1409,0.1439,0.1597,0.1482,0.1053,0.3479,0.351,0.3663,0.3553,0.0101,0.0256
"RandomForest per layer (L9/L24/L26), block output (4,096-dim)",benchmark_4,L4,"sklearn RandomForest (n_estimators=300, class_weight=balanced)",n/a (300 trees),,N/A (tree-based),N/A (tree-based),N/A (tree-based),0.0958,0.0974,0.0999,0.0977,0.0674,0.2943,0.2965,0.2999,0.2969,0.0021,0.0193
"RandomForest per layer (L9/L24/L26), mlp sub-embedding (4,096-dim)",benchmark_4,L1,"sklearn RandomForest (n_estimators=300, class_weight=balanced)",n/a (300 trees),,N/A (tree-based),N/A (tree-based),N/A (tree-based),0.329,0.3182,0.3207,0.3227,0.2529,0.4699,0.4658,0.4667,0.4675,0.0057,0.0123
"RandomForest per layer (L9/L24/L26), mlp sub-embedding (4,096-dim)",benchmark_4,L2,"sklearn RandomForest (n_estimators=300, class_weight=balanced)",n/a (300 trees),,N/A (tree-based),N/A (tree-based),N/A (tree-based),0.1568,0.1433,0.1693,0.1564,0.1239,0.3636,0.3503,0.375,0.3633,0.013,0.0122
"RandomForest per layer (L9/L24/L26), mlp sub-embedding (4,096-dim)",benchmark_4,L3,"sklearn RandomForest (n_estimators=300, class_weight=balanced)",n/a (300 trees),,N/A (tree-based),N/A (tree-based),N/A (tree-based),0.1303,0.1228,0.1412,0.1314,0.0944,0.3367,0.3282,0.3482,0.3379,0.0092,0.0133
"RandomForest per layer (L9/L24/L26), mlp sub-embedding (4,096-dim)",benchmark_4,L4,"sklearn RandomForest (n_estimators=300, class_weight=balanced)",n/a (300 trees),,N/A (tree-based),N/A (tree-based),N/A (tree-based),0.084,0.0827,0.0888,0.0852,0.0588,0.2774,0.2754,0.2845,0.2791,0.0032,0.0135
"RandomForest per layer (L9/L24/L26), post-norm sub-embedding (4,096-dim)",benchmark_4,L1,"sklearn RandomForest (n_estimators=300, class_weight=balanced)",n/a (300 trees),,N/A (tree-based),N/A (tree-based),N/A (tree-based),0.3473,0.3312,0.3224,0.3337,0.2613,0.4761,0.4707,0.4674,0.4715,0.0126,0.0157
"RandomForest per layer (L9/L24/L26), post-norm sub-embedding (4,096-dim)",benchmark_4,L2,"sklearn RandomForest (n_estimators=300, class_weight=balanced)",n/a (300 trees),,N/A (tree-based),N/A (tree-based),N/A (tree-based),0.1678,0.1586,0.1768,0.1677,0.1337,0.3737,0.3653,0.3815,0.3736,0.0091,0.0217
"RandomForest per layer (L9/L24/L26), post-norm sub-embedding (4,096-dim)",benchmark_4,L3,"sklearn RandomForest (n_estimators=300, class_weight=balanced)",n/a (300 trees),,N/A (tree-based),N/A (tree-based),N/A (tree-based),0.1426,0.1402,0.1561,0.1463,0.1081,0.3496,0.3472,0.3629,0.3534,0.0086,0.021
"RandomForest per layer (L9/L24/L26), post-norm sub-embedding (4,096-dim)",benchmark_4,L4,"sklearn RandomForest (n_estimators=300, class_weight=balanced)",n/a (300 trees),,N/A (tree-based),N/A (tree-based),N/A (tree-based),0.0958,0.0985,0.1046,0.0996,0.0703,0.2943,0.298,0.3061,0.2995,0.0045,0.0168
"RandomForest, concat L9+24+26 block outputs (12,288-dim)",benchmark_4,L1,"sklearn RandomForest (n_estimators=300, class_weight=balanced)",n/a (300 trees),,N/A (tree-based),N/A (tree-based),N/A (tree-based),0.3757,0.3469,0.3847,0.3691,0.302,0.4843,0.476,0.4865,0.4826,0.0197,N/A (single model)
"RandomForest, concat L9+24+26 block outputs (12,288-dim)",benchmark_4,L2,"sklearn RandomForest (n_estimators=300, class_weight=balanced)",n/a (300 trees),,N/A (tree-based),N/A (tree-based),N/A (tree-based),0.2078,0.1927,0.2173,0.2059,0.1569,0.4057,0.3944,0.4124,0.4044,0.0124,N/A (single model)
"RandomForest, concat L9+24+26 block outputs (12,288-dim)",benchmark_4,L3,"sklearn RandomForest (n_estimators=300, class_weight=balanced)",n/a (300 trees),,N/A (tree-based),N/A (tree-based),N/A (tree-based),0.1837,0.1767,0.1928,0.1844,0.1458,0.3873,0.3814,0.3945,0.3878,0.0081,N/A (single model)
"RandomForest, concat L9+24+26 block outputs (12,288-dim)",benchmark_4,L4,"sklearn RandomForest (n_estimators=300, class_weight=balanced)",n/a (300 trees),,N/A (tree-based),N/A (tree-based),N/A (tree-based),0.1334,0.1358,0.13,0.1331,0.0935,0.34,0.3426,0.3363,0.3396,0.0029,N/A (single model)
